flow_id,size_bytes,start_time,end_time,fct
0,52330,0.5,1,0.5
1,20584,0.55715,1.05715,0.5
2,17358,0.677169,1.17717,0.5
3,49218,0.774226,1.27423,0.5
4,80810,0.862608,1.36261,0.5
5,17420,0.930776,1.43078,0.5
6,64624,0.943128,1.44313,0.5
7,76469,0.968748,1.46875,0.5
8,86645,0.987119,1.48712,0.5
9,149519,1.0531,1.65118,0.598076
10,82589,1.52253,2.02253,0.5
11,16301,1.85649,2.35649,0.5
12,60774,2.02213,2.52213,0.5
13,53191,2.32948,2.82948,0.5
14,77132,2.35446,2.85446,0.5
15,45974,2.49926,2.99926,0.5
16,61018,2.53825,3.03825,0.5
17,7392,2.57734,3.07734,0.5
18,26017,2.83845,3.33845,0.5
19,52743,2.92584,3.42584,0.5
20,8298,3.07172,3.57172,0.5
21,15751,3.15179,3.65179,0.5
22,114060,3.48002,3.98002,0.5
23,63299,3.50418,4.00418,0.5
24,66275,3.65844,4.15844,0.5
26,8793,3.68409,4.18409,0.5
27,82432,3.71471,4.21471,0.5
29,47069,4.01686,4.51686,0.5
30,20282,4.20811,4.70811,0.5
31,58412,4.21813,4.71813,0.5
32,164150,4.25013,4.90673,0.6566
25,312786,3.67282,4.92397,1.25114
33,6093,4.69675,5.19675,0.5
34,36177,4.71439,5.21439,0.5
35,11658,4.84977,5.34977,0.5
36,29887,5.01732,5.51732,0.5
37,108985,5.02043,5.52043,0.5
38,44594,5.19161,5.69161,0.5
39,52683,5.302,5.802,0.5
40,35225,5.35919,5.85919,0.5
41,22694,5.41799,5.91799,0.5
43,109504,5.70125,6.20125,0.5
44,38647,5.8143,6.3143,0.5
45,41877,6.00314,6.50314,0.5
46,14247,6.02116,6.52116,0.5
48,50575,6.19043,6.69043,0.5
42,300250,5.55092,6.75192,1.201
49,34295,6.26097,6.76097,0.5
50,72029,6.30345,6.80345,0.5
47,211354,6.04358,6.88899,0.845416
51,17413,6.48817,6.98817,0.5
52,15935,6.57392,7.07392,0.5
53,32642,6.77595,7.27595,0.5
54,31746,6.78933,7.28933,0.5
55,22134,6.92052,7.42052,0.5
56,73642,7.12164,7.62164,0.5
58,59885,7.26514,7.76514,0.5
28,977670,3.89663,7.80731,3.91068
59,45853,7.31406,7.81406,0.5
60,9208,7.64759,8.14759,0.5
57,230762,7.24883,8.17188,0.923048
61,14632,7.76549,8.26549,0.5
62,17299,7.90422,8.40422,0.5
63,23683,7.98108,8.48108,0.5
64,64031,8.03631,8.53631,0.5
65,18733,8.04704,8.54704,0.5
66,36589,8.05327,8.55327,0.5
67,20717,8.06245,8.56245,0.5
68,30417,8.24261,8.74261,0.5
69,66359,8.69235,9.19235,0.5
70,73870,8.76836,9.26836,0.5
71,9030,8.776,9.276,0.5
72,20297,8.80297,9.30297,0.5
73,27288,8.83318,9.33318,0.5
74,46052,8.84725,9.34725,0.5
75,8038,8.85733,9.35733,0.5
76,34768,8.87162,9.37162,0.5
77,65378,9.08468,9.58468,0.5
78,72862,9.12213,9.62213,0.5
79,31767,9.24033,9.74033,0.5
80,6638,9.24981,9.74981,0.5
82,49621,9.32144,9.82144,0.5
83,9661,9.32866,9.82866,0.5
81,188419,9.25076,10.0044,0.753676
84,18323,9.58255,10.0825,0.5
85,77841,9.60632,10.1063,0.5
86,103273,9.71199,10.212,0.5
87,6687,9.76083,10.2608,0.5
88,62499,9.86624,10.3662,0.5
89,107377,10.1748,10.6748,0.5
90,51655,10.4073,10.9073,0.5
91,14487,10.5208,11.0208,0.5
92,35134,10.5239,11.0239,0.5
93,66890,10.6231,11.1231,0.5
94,15135,10.7472,11.2472,0.5
95,59053,10.7537,11.2537,0.5
96,25323,10.8043,11.3043,0.5
98,113511,11.1645,11.6645,0.5
99,92335,11.2002,11.7002,0.5
97,153074,11.1377,11.75,0.612296
100,98082,11.3104,11.8104,0.5
101,49340,11.3123,11.8123,0.5
102,34484,11.4103,11.9103,0.5
103,46832,11.4461,11.9461,0.5
104,79794,11.4606,11.9606,0.5
105,39316,11.5092,12.0092,0.5
107,20588,11.6527,12.1527,0.5
106,151815,11.5607,12.1679,0.60726
108,53625,11.7551,12.2551,0.5
109,36346,11.89,12.39,0.5
110,27354,12.3197,12.8197,0.5
111,76990,12.3988,12.8988,0.5
112,62892,12.4109,12.9109,0.5
113,39041,12.4755,12.9755,0.5
114,75795,12.6869,13.1869,0.5
115,31928,12.8067,13.3067,0.5
116,46425,13.0883,13.5883,0.5
117,23517,13.2815,13.7815,0.5
118,41387,13.4546,13.9546,0.5
119,16712,13.5426,14.0426,0.5
120,56527,13.7077,14.2077,0.5
121,34189,13.7281,14.2281,0.5
123,100333,13.9443,14.4443,0.5
126,21705,14.0465,14.5465,0.5
127,62599,14.0817,14.5817,0.5
128,27436,14.2357,14.7357,0.5
125,204223,14.0315,14.8484,0.816892
129,30792,14.3721,14.8721,0.5
130,16868,14.45,14.95,0.5
131,44337,14.4865,14.9865,0.5
132,140274,14.5172,15.0783,0.561096
122,311989,13.8542,15.1022,1.24796
134,164276,14.5628,15.2199,0.657104
124,314693,13.9825,15.2413,1.25877
135,18540,14.8284,15.3284,0.5
136,17095,14.8299,15.3299,0.5
133,262744,14.5238,15.5748,1.05098
137,17542,15.1372,15.6372,0.5
138,89026,15.1607,15.6607,0.5
139,33241,15.2818,15.7818,0.5
140,20271,15.3224,15.8224,0.5
141,7412,15.3316,15.8316,0.5
142,42438,15.5766,16.0766,0.5
143,15518,15.5966,16.0966,0.5
144,12467,15.7963,16.2963,0.5
145,118700,15.8943,16.3943,0.5
146,109016,15.9474,16.4474,0.5
148,15017,16.1091,16.6091,0.5
149,8879,16.1711,16.6711,0.5
150,99164,16.1821,16.6821,0.5
147,161870,16.0517,16.6992,0.64748
151,112177,16.2967,16.7967,0.5
152,71623,16.3774,16.8774,0.5
153,15274,16.4181,16.9181,0.5
154,20124,16.483,16.983,0.5
155,75695,16.712,17.212,0.5
156,70834,16.7503,17.2503,0.5
157,39896,16.8367,17.3367,0.5
158,16520,17.0554,17.5554,0.5
159,11560,17.504,18.004,0.5
160,18276,17.5157,18.0157,0.5
161,13696,17.6182,18.1182,0.5
162,16841,17.6503,18.1503,0.5
163,151655,17.9206,18.5272,0.60662
165,22568,18.0686,18.5686,0.5
166,46433,18.1396,18.6396,0.5
164,240377,18.0427,19.0042,0.961508
169,152651,18.5878,19.1984,0.610604
167,309541,18.174,19.4122,1.23816
170,68531,19.0467,19.5467,0.5
173,50414,19.3183,19.8183,0.5
174,76633,19.4263,19.9263,0.5
175,28177,19.46,19.96,0.5
176,20211,19.484,19.984,0.5
177,125721,19.494,19.9969,0.502884
178,49337,19.582,20.082,0.5
172,209042,19.2619,20.0981,0.836168
179,52208,19.8155,20.3155,0.5
180,102044,19.8256,20.3256,0.5
181,60235,19.8558,20.3558,0.5
183,18922,20.0207,20.5207,0.5
184,11992,20.2805,20.7805,0.5
171,434196,19.0804,20.8171,1.73678
185,7530,20.4808,20.9808,0.5
168,736113,18.529,21.4734,2.94445
186,91441,20.9811,21.4811,0.5
187,126690,21.0103,21.517,0.50676
188,100955,21.1317,21.6317,0.5
189,83306,21.1883,21.6883,0.5
190,50118,21.2,21.7,0.5
191,17048,21.2447,21.7447,0.5
192,13249,21.2622,21.7622,0.5
193,15145,21.6654,22.1654,0.5
194,115669,21.7273,22.2273,0.5
182,601368,19.878,22.2835,2.40547
195,80311,22.1189,22.6189,0.5
197,51171,22.509,23.009,0.5
198,30744,22.6623,23.1623,0.5
199,3099,22.6922,23.1922,0.5
200,7734,22.8381,23.3381,0.5
201,43641,22.8475,23.3475,0.5
202,21048,22.8667,23.3667,0.5
204,4563,22.9528,23.4528,0.5
205,19104,22.963,23.463,0.5
206,26353,22.9972,23.4972,0.5
196,301394,22.3038,23.5094,1.20558
207,5013,23.0158,23.5158,0.5
208,6678,23.0287,23.5287,0.5
209,27830,23.0306,23.5306,0.5
210,29787,23.2868,23.7868,0.5
211,11076,23.294,23.794,0.5
212,79741,23.4288,23.9288,0.5
213,74511,23.4612,23.9612,0.5
214,8115,23.6339,24.1339,0.5
215,41911,23.734,24.234,0.5
203,346551,22.8994,24.2856,1.3862
216,54911,23.8221,24.3221,0.5
217,33291,24.0752,24.5752,0.5
218,12699,24.1804,24.6804,0.5
219,35384,24.23,24.73,0.5
220,146990,24.2997,24.8877,0.58796
221,30226,24.4311,24.9311,0.5
222,33967,24.4517,24.9517,0.5
224,53645,24.5487,25.0487,0.5
223,153397,24.4677,25.0813,0.613588
225,7403,24.649,25.149,0.5
226,6101,24.7804,25.2804,0.5
227,9457,24.8923,25.3923,0.5
228,51074,25.0415,25.5415,0.5
229,47617,25.0429,25.5429,0.5
230,110117,25.1672,25.6672,0.5
231,4402,25.2254,25.7254,0.5
232,7357,25.6491,26.1491,0.5
233,27929,25.8628,26.3628,0.5
234,66671,26.0026,26.5026,0.5
235,77454,26.0387,26.5387,0.5
236,13675,26.086,26.586,0.5
237,21122,26.1513,26.6513,0.5
238,116844,26.2471,26.7471,0.5
240,49477,26.5281,27.0281,0.5
239,176099,26.3245,27.0289,0.704396
242,38321,26.8075,27.3075,0.5
243,145588,26.8163,27.3987,0.582352
241,174230,26.7719,27.4689,0.69692
245,83524,27.1952,27.6952,0.5
246,11580,27.8758,28.3758,0.5
247,24721,27.8899,28.3899,0.5
248,79473,27.9096,28.4096,0.5
249,16524,28.3568,28.8568,0.5
244,465503,27.0041,28.8661,1.86201
250,28414,28.4518,28.9518,0.5
251,29813,28.5205,29.0205,0.5
252,25141,28.5429,29.0429,0.5
253,46750,28.562,29.062,0.5
254,135034,28.6111,29.1512,0.540136
255,36287,28.6555,29.1555,0.5
256,15715,28.8087,29.3087,0.5
257,12013,28.9766,29.4766,0.5
258,21404,28.9903,29.4903,0.5
259,46337,29.0116,29.5116,0.5
260,16096,29.1187,29.6187,0.5
262,11443,29.2208,29.7208,0.5
263,117337,29.308,29.808,0.5
264,47062,29.3506,29.8506,0.5
265,48610,29.3855,29.8855,0.5
266,99703,29.4376,29.9376,0.5
267,90068,29.4517,29.9517,0.5
268,24406,29.4833,29.9833,0.5
261,305691,29.196,30.4188,1.22276
271,74638,29.9733,30.4733,0.5
272,41366,29.9947,30.4947,0.5
274,75186,30.1636,30.6636,0.5
269,293000,29.5562,30.7282,1.172
275,20600,30.2725,30.7725,0.5
270,293043,29.6231,30.7953,1.17217
277,59369,30.3917,30.8917,0.5
278,57458,30.6297,31.1297,0.5
279,157648,30.6601,31.2907,0.630592
280,29253,30.8552,31.3552,0.5
281,23826,30.997,31.497,0.5
273,371743,30.121,31.608,1.48697
282,18126,31.1618,31.6618,0.5
283,57763,31.2631,31.7631,0.5
284,34521,31.3118,31.8118,0.5
285,165055,31.3205,31.9807,0.66022
286,22552,31.8603,32.3603,0.5
276,522875,30.3012,32.3927,2.0915
287,75307,32.0911,32.5911,0.5
288,43843,32.1143,32.6143,0.5
289,6126,32.1721,32.6721,0.5
290,73334,32.3807,32.8807,0.5
291,41529,32.6186,33.1186,0.5
292,93455,32.6265,33.1265,0.5
293,35301,32.6456,33.1456,0.5
294,19068,32.8818,33.3818,0.5
295,57779,32.9188,33.4188,0.5
296,46996,32.9623,33.4623,0.5
297,22219,33.0578,33.5578,0.5
299,85488,33.3372,33.8372,0.5
300,51618,33.5395,34.0395,0.5
301,32111,33.5415,34.0415,0.5
302,86222,33.5486,34.0486,0.5
303,67683,33.592,34.092,0.5
305,30002,33.7694,34.2694,0.5
306,53809,33.8582,34.3582,0.5
307,10097,33.8909,34.3909,0.5
304,164901,33.7457,34.4053,0.659604
308,61134,33.909,34.409,0.5
309,131794,33.9153,34.4425,0.527176
310,41958,34.0347,34.5347,0.5
311,23447,34.158,34.658,0.5
312,34738,34.3027,34.8027,0.5
313,84396,34.4496,34.9496,0.5
314,24998,34.4573,34.9573,0.5
315,106751,34.5498,35.0498,0.5
316,119253,34.7105,35.2105,0.5
317,37248,34.7225,35.2225,0.5
318,41424,34.7308,35.2308,0.5
319,87742,34.9261,35.4261,0.5
320,12727,35.168,35.668,0.5
321,68064,35.1741,35.6741,0.5
322,62191,35.3977,35.8977,0.5
323,102061,35.919,36.419,0.5
324,7945,36.0218,36.5218,0.5
325,34231,36.0258,36.5258,0.5
326,28313,36.0796,36.5796,0.5
327,42363,36.0953,36.5953,0.5
328,38619,36.1026,36.6026,0.5
329,29261,36.1045,36.6045,0.5
330,7324,36.4555,36.9555,0.5
331,72966,37.0411,37.5411,0.5
333,40795,37.0755,37.5755,0.5
334,69293,37.107,37.607,0.5
335,22734,37.1159,37.6159,0.5
336,16015,37.1852,37.6852,0.5
338,10298,37.214,37.714,0.5
339,100886,37.2365,37.7365,0.5
340,35868,37.2851,37.7851,0.5
341,38751,37.3723,37.8723,0.5
342,36816,37.4183,37.9183,0.5
343,96926,37.425,37.925,0.5
298,1216732,33.3167,38.1837,4.86693
345,34784,37.6973,38.1973,0.5
346,41215,37.7678,38.2678,0.5
347,60558,37.8963,38.3963,0.5
349,14423,38.0284,38.5284,0.5
337,333970,37.2123,38.5481,1.33588
332,388277,37.0554,38.6085,1.55311
344,252642,37.6371,38.6476,1.01057
350,27318,38.1998,38.6998,0.5
348,194815,38.0073,38.7865,0.77926
351,27458,38.5601,39.0601,0.5
352,57834,38.5977,39.0977,0.5
353,27263,38.6191,39.1191,0.5
354,51035,38.703,39.203,0.5
355,31301,38.7129,39.2129,0.5
356,64663,38.7344,39.2344,0.5
357,100717,38.8098,39.3098,0.5
358,111144,38.8663,39.3663,0.5
360,55619,38.96,39.46,0.5
361,34454,39.0174,39.5174,0.5
362,28048,39.0209,39.5209,0.5
363,37318,39.0463,39.5463,0.5
359,157047,38.9535,39.5816,0.628188
364,29232,39.1146,39.6146,0.5
365,32575,39.1356,39.6356,0.5
366,9929,39.2549,39.7549,0.5
367,44552,39.4764,39.9764,0.5
368,133816,39.4855,40.0208,0.535264
369,11962,39.6589,40.1589,0.5
370,26603,39.8438,40.3438,0.5
371,27084,39.9711,40.4711,0.5
372,17186,40.0781,40.5781,0.5
373,70561,40.2229,40.7229,0.5
374,106090,40.3362,40.8362,0.5
375,6968,40.4106,40.9106,0.5
376,13366,40.7532,41.2532,0.5
378,84026,40.9696,41.4696,0.5
377,165518,40.9511,41.6131,0.662072
380,9279,41.1307,41.6307,0.5
381,64289,41.1426,41.6426,0.5
382,43440,41.2703,41.7703,0.5
383,25635,41.3259,41.8259,0.5
384,27345,41.3803,41.8803,0.5
385,43225,41.462,41.962,0.5
379,239112,41.0562,42.0126,0.956448
386,46307,41.5999,42.0999,0.5
388,92737,41.7711,42.2711,0.5
389,35129,41.7863,42.2863,0.5
387,177256,41.6041,42.3132,0.709024
390,40078,41.8332,42.3332,0.5
391,26115,41.9277,42.4277,0.5
392,45626,42.4045,42.9045,0.5
393,178643,42.5107,43.2253,0.714572
394,179709,42.534,43.2528,0.718836
395,49672,42.7544,43.2544,0.5
396,20795,42.7797,43.2797,0.5
397,46081,42.8536,43.3536,0.5
398,12151,42.8904,43.3904,0.5
400,22002,43.2112,43.7112,0.5
399,177700,43.0578,43.7686,0.7108
401,24723,43.3405,43.8405,0.5
402,25522,43.4111,43.9111,0.5
403,28115,43.8373,44.3373,0.5
404,25602,43.9794,44.4794,0.5
405,80312,44.0406,44.5406,0.5
406,11077,44.1222,44.6222,0.5
407,153802,44.1281,44.7433,0.615208
408,31458,44.2481,44.7481,0.5
410,66642,44.3371,44.8371,0.5
411,79002,44.4447,44.9447,0.5
409,164530,44.2973,44.9554,0.65812
412,35024,44.552,45.052,0.5
413,140990,44.63,45.194,0.56396
414,143698,44.8744,45.4492,0.574792
416,72300,45.0064,45.5064,0.5
417,116423,45.0242,45.5242,0.5
418,75285,45.0287,45.5287,0.5
419,9883,45.1744,45.6744,0.5
420,39830,45.2268,45.7268,0.5
421,37482,45.3404,45.8404,0.5
422,94512,45.371,45.871,0.5
415,252381,44.9334,45.9429,1.00952
423,56174,45.451,45.951,0.5
424,9606,45.5039,46.0039,0.5
425,19347,45.5087,46.0087,0.5
426,21028,45.5293,46.0293,0.5
427,17494,45.7283,46.2283,0.5
428,39292,45.7487,46.2487,0.5
429,56350,45.8342,46.3342,0.5
430,119863,45.957,46.457,0.5
432,63312,46.0239,46.5239,0.5
433,36651,46.1207,46.6207,0.5
434,6414,46.1876,46.6876,0.5
435,97501,46.2005,46.7005,0.5
436,31113,46.2861,46.7861,0.5
437,18501,46.3068,46.8068,0.5
438,131766,46.4451,46.9721,0.527064
439,18410,46.5759,47.0759,0.5
440,41249,46.6608,47.1608,0.5
431,305686,45.9574,47.1801,1.22274
441,62196,46.8269,47.3269,0.5
442,11508,46.9467,47.4467,0.5
443,32450,47.0099,47.5099,0.5
446,97982,47.1634,47.6634,0.5
447,19314,47.1867,47.6867,0.5
445,162549,47.1282,47.7784,0.650196
444,198314,47.0308,47.824,0.793256
448,151706,47.2185,47.8254,0.606824
450,26211,47.3784,47.8784,0.5
449,235960,47.2761,48.22,0.94384
451,54974,47.745,48.245,0.5
452,20421,48.0126,48.5126,0.5
453,40402,48.0271,48.5271,0.5
454,67066,48.0648,48.5648,0.5
455,90003,48.2475,48.7475,0.5
456,33265,48.2945,48.7945,0.5
458,57522,48.4576,48.9576,0.5
459,9054,48.5398,49.0398,0.5
460,67491,48.6744,49.1744,0.5
461,60575,48.7753,49.2753,0.5
457,256543,48.3805,49.4066,1.02617
462,105417,48.9967,49.4967,0.5
463,28116,49.0452,49.5452,0.5
464,46137,49.2059,49.7059,0.5
465,49703,49.5134,50.0134,0.5
466,74009,49.5169,50.0169,0.5
467,11453,49.5676,50.0676,0.5
468,52958,49.6295,50.1295,0.5
469,28347,49.7219,50.2219,0.5
470,1795,49.8649,50.3649,0.5
471,33038,49.8829,50.3829,0.5
472,12080,49.9765,50.4765,0.5
473,30916,50.0533,50.5533,0.5
474,124127,50.0863,50.5863,0.5
475,62574,50.1303,50.6303,0.5
476,10341,50.3087,50.8087,0.5
477,27516,50.3379,50.8379,0.5
478,98852,50.4724,50.9724,0.5
480,90742,50.5208,51.0208,0.5
481,9344,50.5432,51.0432,0.5
482,30951,50.6507,51.1507,0.5
483,31422,50.6662,51.1662,0.5
484,31404,50.8572,51.3572,0.5
485,121319,51.0131,51.5131,0.5
486,14720,51.1984,51.6984,0.5
487,47682,51.2214,51.7214,0.5
488,9183,51.3126,51.8126,0.5
479,328180,50.5059,51.8187,1.31272
489,72356,51.3849,51.8849,0.5
490,64349,51.6168,52.1168,0.5
492,14702,51.6354,52.1354,0.5
493,22334,51.668,52.168,0.5
494,11402,51.6691,52.1691,0.5
495,36298,51.6791,52.1791,0.5
491,173734,51.6208,52.3158,0.694936
496,14325,51.892,52.392,0.5
498,38836,51.9682,52.4682,0.5
499,13189,52.0584,52.5584,0.5
497,230850,51.9409,52.8643,0.9234
500,3259,52.5181,53.0181,0.5
501,103399,52.6141,53.1141,0.5
503,62811,52.6837,53.1837,0.5
504,19656,52.6919,53.1919,0.5
505,75963,52.7029,53.2029,0.5
506,22879,52.7683,53.2683,0.5
502,186139,52.6269,53.3714,0.744556
507,96332,52.8849,53.3849,0.5
508,20809,52.9325,53.4325,0.5
509,87087,53.1007,53.6007,0.5
510,45366,53.1358,53.6358,0.5
511,115502,53.1403,53.6403,0.5
513,84527,53.1803,53.6803,0.5
515,47510,53.3044,53.8044,0.5
516,14529,53.4572,53.9572,0.5
514,200056,53.2297,54.0299,0.800224
517,68340,53.5952,54.0952,0.5
518,118757,53.6017,54.1017,0.5
519,40492,53.7553,54.2553,0.5
520,32496,53.8864,54.3864,0.5
521,64325,54.1641,54.6641,0.5
522,43190,54.3066,54.8066,0.5
523,40649,54.3374,54.8374,0.5
524,53309,54.3859,54.8859,0.5
525,71979,54.4771,54.9771,0.5
527,16020,54.507,55.007,0.5
528,77649,54.5249,55.0249,0.5
526,165073,54.4822,55.1425,0.660292
529,71794,54.6659,55.1659,0.5
530,62576,54.9267,55.4267,0.5
531,58920,55.0824,55.5824,0.5
532,61204,55.1006,55.6006,0.5
534,24215,55.5821,56.0821,0.5
535,26609,55.6744,56.1744,0.5
536,120919,55.8241,56.3241,0.5
537,28420,55.8899,56.3899,0.5
538,115529,55.9372,56.4372,0.5
539,84299,55.9564,56.4564,0.5
540,86308,55.9638,56.4638,0.5
541,121097,56.0938,56.5938,0.5
542,102585,56.1041,56.6041,0.5
544,33267,56.1493,56.6493,0.5
545,10544,56.1796,56.6796,0.5
512,905000,53.1719,56.7919,3.62
546,110523,56.3142,56.8142,0.5
533,359090,55.4362,56.8726,1.43636
548,39642,56.4985,56.9985,0.5
549,54248,56.5012,57.0012,0.5
550,108133,56.5334,57.0334,0.5
551,11819,56.5342,57.0342,0.5
552,53084,56.5568,57.0568,0.5
543,254806,56.1455,57.1648,1.01922
554,102090,56.7,57.2,0.5
553,158519,56.6656,57.2997,0.634076
555,41851,56.9702,57.4702,0.5
547,284215,56.3621,57.499,1.13686
557,145323,57.044,57.6253,0.581292
558,23186,57.1924,57.6924,0.5
559,12923,57.2404,57.7404,0.5
560,56426,57.2518,57.7518,0.5
561,71545,57.2547,57.7547,0.5
564,125903,57.4528,57.9564,0.503612
556,260278,57.0346,58.0757,1.04111
565,48187,57.6985,58.1985,0.5
566,101431,57.7289,58.2289,0.5
562,253825,57.4031,58.4184,1.0153
567,28814,57.999,58.499,0.5
568,10386,58.0386,58.5386,0.5
569,15198,58.129,58.629,0.5
570,83880,58.467,58.967,0.5
571,38019,58.5535,59.0535,0.5
572,116679,58.6859,59.1859,0.5
563,438333,57.4365,59.1898,1.75333
573,14026,58.7431,59.2431,0.5
574,38053,59.1612,59.6612,0.5
575,34348,59.2284,59.7284,0.5
576,16913,59.2874,59.7874,0.5
577,73164,59.4953,59.9953,0.5
578,8864,59.4966,59.9966,0.5
579,32901,59.5107,60.0107,0.5
580,41484,59.6232,60.1232,0.5
582,30477,59.8603,60.3603,0.5
583,23386,59.9247,60.4247,0.5
581,207421,59.6723,60.502,0.829684
584,13143,60.0032,60.5032,0.5
585,25868,60.2184,60.7184,0.5
586,61913,60.2233,60.7233,0.5
587,45263,60.3124,60.8124,0.5
588,28188,60.3144,60.8144,0.5
589,89888,60.445,60.945,0.5
590,11509,60.5939,61.0939,0.5
591,15689,60.6012,61.1012,0.5
592,43191,60.8548,61.3548,0.5
593,86349,60.8697,61.3697,0.5
594,19748,61.0437,61.5437,0.5
595,22548,61.1529,61.6529,0.5
596,5097,61.2146,61.7146,0.5
597,16736,61.4435,61.9435,0.5
598,46879,61.542,62.042,0.5
599,74940,61.6215,62.1215,0.5
600,6805,61.6788,62.1788,0.5
601,74168,61.8071,62.3071,0.5
602,71139,61.9054,62.4054,0.5
604,78647,62.0631,62.5631,0.5
605,101343,62.2635,62.7635,0.5
608,43739,62.5678,63.0678,0.5
607,162991,62.4569,63.1089,0.651964
609,19100,62.6097,63.1097,0.5
610,10833,62.6994,63.1994,0.5
606,234694,62.2712,63.2099,0.938776
603,329078,61.9281,63.2444,1.31631
612,53450,63.1158,63.6158,0.5
613,58635,63.2104,63.7104,0.5
614,4396,63.2978,63.7978,0.5
611,273244,62.9407,64.0337,1.09298
615,85944,63.816,64.316,0.5
617,26199,64.0301,64.5301,0.5
616,185661,63.8948,64.6375,0.742644
618,82437,64.2019,64.7019,0.5
619,55846,64.2178,64.7178,0.5
620,63643,64.2641,64.7641,0.5
621,15049,64.3686,64.8686,0.5
622,37047,64.4697,64.9697,0.5
623,28270,64.5015,65.0015,0.5
624,9900,64.5481,65.0481,0.5
625,9075,64.5784,65.0784,0.5
626,85345,64.5973,65.0973,0.5
627,119399,64.6634,65.1634,0.5
628,116820,64.7059,65.2059,0.5
629,8016,64.9512,65.4512,0.5
630,90990,64.986,65.486,0.5
631,17205,65.0472,65.5472,0.5
632,163180,65.2052,65.858,0.65272
633,36263,65.4537,65.9537,0.5
634,57084,65.4551,65.9551,0.5
635,14092,65.5796,66.0796,0.5
636,111111,65.709,66.209,0.5
637,59284,65.7654,66.2654,0.5
638,128057,65.8023,66.3145,0.512228
639,76870,65.9057,66.4057,0.5
640,12901,66.0995,66.5995,0.5
641,46729,66.3796,66.8796,0.5
642,15083,66.429,66.929,0.5
644,82284,66.607,67.107,0.5
643,166676,66.4422,67.1089,0.666704
646,38571,66.9596,67.4596,0.5
647,34704,66.9951,67.4951,0.5
645,218879,66.6443,67.5198,0.875516
649,88848,67.1194,67.6194,0.5
650,158524,67.1689,67.803,0.634096
651,30893,67.385,67.885,0.5
652,35709,67.4473,67.9473,0.5
653,63014,67.472,67.972,0.5
654,89565,67.5721,68.0721,0.5
655,80094,67.6321,68.1321,0.5
656,7603,67.6865,68.1865,0.5
648,321991,67.0088,68.2967,1.28796
657,29969,67.8052,68.3052,0.5
659,39935,67.9091,68.4091,0.5
660,24848,67.9328,68.4328,0.5
661,26821,68.0738,68.5738,0.5
662,116660,68.1311,68.6311,0.5
664,10498,68.3308,68.8308,0.5
665,74011,68.5423,69.0423,0.5
658,327267,67.8528,69.1619,1.30907
666,46877,68.6791,69.1791,0.5
667,6848,68.7249,69.2249,0.5
663,268810,68.1513,69.2266,1.07524
668,131586,68.7834,69.3097,0.526344
669,10690,68.9346,69.4346,0.5
670,42059,69.0455,69.5455,0.5
671,23552,69.0962,69.5962,0.5
672,49534,69.2291,69.7291,0.5
673,61237,69.3027,69.8027,0.5
675,45617,69.4022,69.9022,0.5
674,150456,69.3164,69.9182,0.601824
676,34778,69.4611,69.9611,0.5
677,39722,69.5715,70.0715,0.5
678,11461,69.5919,70.0919,0.5
679,45142,69.6938,70.1938,0.5
680,67638,69.8595,70.3595,0.5
681,90263,69.9262,70.4262,0.5
682,143635,70.135,70.7095,0.57454
683,32447,70.2269,70.7269,0.5
684,20143,70.4684,70.9684,0.5
685,120112,70.5521,71.0521,0.5
686,72262,70.6023,71.1023,0.5
687,5381,70.6432,71.1432,0.5
688,65505,70.7224,71.2224,0.5
689,43682,70.8141,71.3141,0.5
691,34844,70.9591,71.4591,0.5
692,47210,70.9988,71.4988,0.5
693,31218,71.395,71.895,0.5
690,277607,70.9086,72.0191,1.11043
694,3441,71.6444,72.1444,0.5
695,67663,71.9195,72.4195,0.5
696,14144,71.953,72.453,0.5
698,61092,71.9967,72.4967,0.5
697,178117,71.9714,72.6839,0.712468
699,13347,72.2255,72.7255,0.5
700,77358,72.2271,72.7271,0.5
701,64124,72.2372,72.7372,0.5
702,21864,72.3869,72.8869,0.5
703,49210,72.4198,72.9198,0.5
704,29349,72.4777,72.9777,0.5
705,85334,72.4998,72.9998,0.5
706,27249,72.5745,73.0745,0.5
707,97500,72.6902,73.1902,0.5
708,23432,72.824,73.324,0.5
710,9894,73.0623,73.5623,0.5
711,93920,73.0641,73.5641,0.5
712,79073,73.3291,73.8291,0.5
714,10532,73.6012,74.1012,0.5
715,48438,73.6128,74.1128,0.5
716,97539,73.6361,74.1361,0.5
717,28962,73.6787,74.1787,0.5
718,23864,73.7077,74.2077,0.5
719,25702,73.7281,74.2281,0.5
720,34722,73.9005,74.4005,0.5
721,12557,73.9569,74.4569,0.5
722,47498,74.0383,74.5383,0.5
709,404450,72.9334,74.5512,1.6178
723,91734,74.0898,74.5898,0.5
724,20364,74.093,74.593,0.5
725,37802,74.1196,74.6196,0.5
726,26179,74.2001,74.7001,0.5
727,48458,74.3926,74.8926,0.5
713,390204,73.4236,74.9844,1.56082
728,28852,74.5125,75.0125,0.5
729,110413,74.5145,75.0145,0.5
730,36010,74.5262,75.0262,0.5
731,139464,74.6578,75.2157,0.557856
732,27548,74.7803,75.2803,0.5
733,58570,74.8517,75.3517,0.5
734,5384,75.0013,75.5013,0.5
735,42076,75.0029,75.5029,0.5
736,9581,75.0078,75.5078,0.5
737,28440,75.0797,75.5797,0.5
738,13303,75.1971,75.6971,0.5
739,36483,75.2086,75.7086,0.5
740,36259,75.4828,75.9828,0.5
741,90123,75.5638,76.0638,0.5
743,48616,75.6998,76.1998,0.5
742,149088,75.6701,76.2664,0.596352
744,10924,75.8228,76.3228,0.5
745,76118,75.9381,76.4381,0.5
746,30447,75.9817,76.4817,0.5
747,88993,76.056,76.556,0.5
748,65312,76.0622,76.5622,0.5
749,36217,76.1425,76.6425,0.5
750,105978,76.1938,76.6938,0.5
751,43737,76.2133,76.7133,0.5
752,55397,76.2832,76.7832,0.5
753,64549,76.3327,76.8327,0.5
754,104233,76.4214,76.9214,0.5
755,3942,76.7455,77.2455,0.5
756,103232,76.8054,77.3054,0.5
758,28486,76.9493,77.4493,0.5
759,6197,77.0153,77.5153,0.5
757,177084,76.9231,77.6314,0.708336
761,131205,77.2261,77.7509,0.52482
760,191992,77.0511,77.8191,0.767968
762,33459,77.4005,77.9005,0.5
764,25870,77.9179,78.4179,0.5
763,220682,77.6847,78.5674,0.882728
765,97869,78.2446,78.7446,0.5
766,10167,78.2501,78.7501,0.5
767,24834,78.2564,78.7564,0.5
768,27183,78.2646,78.7646,0.5
769,84461,78.2835,78.7835,0.5
771,73504,78.4256,78.9256,0.5
770,153154,78.363,78.9756,0.612616
772,88418,78.5077,79.0077,0.5
773,22094,78.9133,79.4133,0.5
774,7449,79.0191,79.5191,0.5
776,56548,79.3277,79.8277,0.5
775,132080,79.3136,79.8419,0.52832
777,15953,79.3507,79.8507,0.5
778,7155,79.4545,79.9545,0.5
779,56847,79.5834,80.0834,0.5
781,18539,79.9697,80.4697,0.5
780,202668,79.6878,80.4985,0.810672
785,61148,80.5137,81.0137,0.5
782,192621,80.2495,81.02,0.770484
784,141725,80.4592,81.0261,0.5669
786,28901,80.5841,81.0841,0.5
787,17137,80.5958,81.0958,0.5
788,15595,80.9239,81.4239,0.5
789,107110,81.0484,81.5484,0.5
790,36648,81.0787,81.5787,0.5
791,54432,81.0821,81.5821,0.5
792,6935,81.3536,81.8536,0.5
793,8538,81.3873,81.8873,0.5
783,403727,80.3507,81.9656,1.61491
794,27340,81.479,81.979,0.5
795,71113,81.5114,82.0114,0.5
797,24742,81.9384,82.4384,0.5
798,104414,81.9501,82.4501,0.5
799,18487,82.0558,82.5558,0.5
800,122008,82.2284,82.7284,0.5
801,8835,82.4912,82.9912,0.5
802,87050,82.7324,83.2324,0.5
803,27973,82.8284,83.3284,0.5
804,36475,82.918,83.418,0.5
806,17269,82.9598,83.4598,0.5
805,141641,82.947,83.5136,0.566564
807,53936,83.0784,83.5784,0.5
808,8921,83.297,83.797,0.5
796,572183,81.682,83.9707,2.28873
809,26894,83.6505,84.1505,0.5
810,79486,83.6909,84.1909,0.5
812,34887,83.8887,84.3887,0.5
813,78844,83.9014,84.4014,0.5
814,8783,83.922,84.422,0.5
815,55468,83.9298,84.4298,0.5
816,101746,84.18,84.68,0.5
817,46870,84.3181,84.8181,0.5
819,55622,84.6197,85.1197,0.5
820,78543,84.6225,85.1225,0.5
821,87199,84.6733,85.1733,0.5
822,68158,84.8328,85.3328,0.5
811,370611,83.8868,85.3692,1.48244
823,21080,84.9133,85.4133,0.5
825,124634,85.056,85.556,0.5
826,15673,85.1317,85.6317,0.5
827,81099,85.1394,85.6394,0.5
824,165892,85.0084,85.672,0.663568
828,79306,85.3156,85.8156,0.5
829,25033,85.4062,85.9062,0.5
831,39934,85.6917,86.1917,0.5
832,40871,85.7824,86.2824,0.5
830,252076,85.4724,86.4807,1.0083
834,134587,86.0466,86.5849,0.538348
833,161289,85.9604,86.6056,0.645156
835,36305,86.149,86.649,0.5
836,13565,86.3781,86.8781,0.5
837,95500,86.3791,86.8791,0.5
838,34738,86.3961,86.8961,0.5
839,48955,86.4084,86.9084,0.5
840,114921,86.4801,86.9801,0.5
841,52527,86.7443,87.2443,0.5
842,118987,86.7626,87.2626,0.5
843,61795,86.8142,87.3142,0.5
844,74335,86.9192,87.4192,0.5
845,16880,87.0098,87.5098,0.5
847,74404,87.0635,87.5635,0.5
848,108316,87.0645,87.5645,0.5
849,25265,87.127,87.627,0.5
818,782548,84.6194,87.7495,3.13019
850,40315,87.3844,87.8844,0.5
851,59027,87.4331,87.9331,0.5
852,26029,87.464,87.964,0.5
853,61809,87.5132,88.0132,0.5
846,254573,87.0289,88.0472,1.01829
854,87274,87.6109,88.1109,0.5
855,44457,87.6145,88.1145,0.5
856,34747,87.716,88.216,0.5
857,72595,87.7275,88.2275,0.5
858,32437,87.7363,88.2363,0.5
859,82975,87.8744,88.3744,0.5
861,31278,88.1214,88.6214,0.5
862,37874,88.162,88.662,0.5
863,28370,88.3674,88.8674,0.5
864,27974,88.3893,88.8893,0.5
860,259915,88.0043,89.0439,1.03966
865,39604,88.5958,89.0958,0.5
866,80864,88.6056,89.1056,0.5
867,18639,88.6249,89.1249,0.5
868,17522,88.6717,89.1717,0.5
869,122710,88.7168,89.2168,0.5
871,81475,89.582,90.082,0.5
873,35018,89.747,90.247,0.5
874,97702,89.7591,90.2591,0.5
875,53005,89.8545,90.3545,0.5
876,23000,89.9167,90.4167,0.5
877,68239,89.9416,90.4416,0.5
878,54476,89.9441,90.4441,0.5
879,22459,89.9562,90.4562,0.5
880,101757,89.986,90.486,0.5
872,235508,89.6786,90.6207,0.942032
881,144916,90.0967,90.6763,0.579664
882,22219,90.2081,90.7081,0.5
883,24666,90.3793,90.8793,0.5
884,36780,90.5195,91.0195,0.5
885,65588,90.5833,91.0833,0.5
886,34849,90.608,91.108,0.5
887,19033,90.6755,91.1755,0.5
888,56233,90.7215,91.2215,0.5
889,72380,90.7657,91.2657,0.5
890,97402,90.7792,91.2792,0.5
891,38532,90.8224,91.3224,0.5
870,558294,89.1076,91.3407,2.23318
893,60074,90.9835,91.4835,0.5
892,159959,90.8745,91.5143,0.639836
894,16885,91.072,91.572,0.5
895,39449,91.3523,91.8523,0.5
896,178595,91.5721,92.2865,0.71438
898,121569,91.8411,92.3411,0.5
899,59271,91.9787,92.4787,0.5
900,70089,92.0082,92.5082,0.5
901,79275,92.1195,92.6195,0.5
902,33893,92.1273,92.6273,0.5
904,26385,92.1984,92.6984,0.5
905,82932,92.2807,92.7807,0.5
906,35675,92.7258,93.2258,0.5
907,58189,93.2927,93.7927,0.5
909,27326,93.3547,93.8547,0.5
897,546463,91.7944,93.9802,2.18585
911,4979,93.5941,94.0941,0.5
903,478815,92.189,94.1043,1.91526
912,9030,93.6393,94.1393,0.5
913,16991,93.7389,94.2389,0.5
910,215636,93.417,94.2796,0.862544
914,11541,93.8073,94.3073,0.5
915,4780,93.8358,94.3358,0.5
916,99478,93.9767,94.4767,0.5
917,117377,94.1776,94.6776,0.5
918,16730,94.3319,94.8319,0.5
919,57712,94.3447,94.8447,0.5
920,54201,94.3484,94.8484,0.5
922,16505,94.5334,95.0334,0.5
908,440022,93.2933,95.0534,1.76009
923,8890,94.5975,95.0975,0.5
925,86244,94.6464,95.1464,0.5
926,84779,94.659,95.159,0.5
927,51176,94.8898,95.3898,0.5
924,216194,94.6199,95.4847,0.864776
921,276011,94.4354,95.5395,1.10404
928,36911,95.0469,95.5469,0.5
929,16516,95.1107,95.6107,0.5
930,65385,95.1156,95.6156,0.5
931,51584,95.2264,95.7264,0.5
932,76438,95.3379,95.8379,0.5
933,28537,95.4612,95.9612,0.5
934,65110,95.5136,96.0136,0.5
935,122022,95.5518,96.0518,0.5
936,3284,95.5916,96.0916,0.5
937,31864,95.6373,96.1373,0.5
938,42658,95.7533,96.2533,0.5
939,37905,95.7933,96.2933,0.5
940,40121,95.9121,96.4121,0.5
941,27281,95.9203,96.4203,0.5
942,103521,96.032,96.532,0.5
943,71852,96.3193,96.8193,0.5
945,100177,96.4349,96.9349,0.5
944,135207,96.396,96.9368,0.540828
946,41280,96.5209,97.0209,0.5
947,81379,96.6412,97.1412,0.5
948,73697,96.7019,97.2019,0.5
949,62316,96.7829,97.2829,0.5
950,9533,96.7962,97.2962,0.5
951,63234,97.0922,97.5922,0.5
952,37319,97.1446,97.6446,0.5
954,112770,97.2819,97.7819,0.5
953,163499,97.1982,97.8522,0.653996
955,31153,97.6058,98.1058,0.5
958,116947,97.7374,98.2374,0.5
959,125594,97.7688,98.2711,0.502376
960,61372,97.8259,98.3259,0.5
961,28926,97.8297,98.3297,0.5
962,4566,97.8299,98.3299,0.5
963,15599,97.8908,98.3908,0.5
964,4347,97.9024,98.4024,0.5
966,23392,97.9851,98.4851,0.5
967,48778,97.9927,98.4927,0.5
956,242232,97.6507,98.6197,0.968928
965,177912,97.9839,98.6955,0.711648
957,248764,97.71,98.705,0.995056
968,89951,98.2268,98.7268,0.5
969,30003,98.3486,98.8486,0.5
970,178651,98.3935,99.1081,0.714604
971,7242,98.6483,99.1483,0.5
972,30741,98.7348,99.2348,0.5
973,50477,98.7402,99.2402,0.5
974,16083,98.7601,99.2601,0.5
975,27572,98.7672,99.2672,0.5
976,46166,98.7689,99.2689,0.5
977,94294,98.8588,99.3588,0.5
978,93661,98.9347,99.4347,0.5
979,10044,99.0139,99.5139,0.5
980,20865,99.043,99.543,0.5
982,18650,99.1139,99.6139,0.5
984,34221,99.1463,99.6463,0.5
985,73561,99.2731,99.7731,0.5
986,17391,99.4145,99.9145,0.5
987,95113,99.4799,99.9799,0.5
981,221432,99.0959,99.9816,0.885728
988,76177,99.5296,100.03,0.5
989,60286,99.6894,100.189,0.5
983,279019,99.1243,100.24,1.11608
990,141719,99.7176,100.284,0.566876
991,74547,99.7847,100.285,0.5
992,98196,99.8524,100.352,0.5
993,31859,100.001,100.501,0.5
994,10561,100.382,100.882,0.5
995,24430,100.592,101.092,0.5
996,46481,100.696,101.196,0.5
997,145154,100.873,101.454,0.580616
998,9699,101.044,101.544,0.5
999,24338,101.168,101.668,0.5
1000,18733,101.169,101.669,0.5
1001,24520,101.433,101.933,0.5
1002,10359,101.649,102.149,0.5
1003,40886,101.827,102.327,0.5
1004,41988,101.83,102.33,0.5
1005,29368,101.949,102.449,0.5
1006,32674,102.025,102.525,0.5
1007,58467,102.388,102.888,0.5
1009,42921,102.565,103.065,0.5
1011,58201,102.646,103.146,0.5
1013,6394,102.831,103.331,0.5
1008,228885,102.416,103.331,0.91554
1015,122177,103.129,103.629,0.5
1016,99830,103.508,104.008,0.5
1017,16609,103.523,104.023,0.5
1018,67808,103.571,104.071,0.5
1019,87648,103.62,104.12,0.5
1020,38642,103.647,104.147,0.5
1022,32321,103.772,104.272,0.5
1025,6829,103.927,104.427,0.5
1026,27252,104.025,104.525,0.5
1024,181506,103.91,104.636,0.726024
1023,194469,103.903,104.68,0.777876
1027,61438,104.2,104.7,0.5
1014,435847,102.994,104.738,1.74339
1010,615809,102.633,105.096,2.46324
1028,46453,104.953,105.453,0.5
1029,83816,105.005,105.505,0.5
1030,49499,105.132,105.632,0.5
1031,40507,105.136,105.636,0.5
1032,134212,105.209,105.745,0.536848
1033,41116,105.29,105.79,0.5
1034,48428,105.3,105.8,0.5
1035,89842,105.311,105.811,0.5
1036,20547,105.479,105.979,0.5
1037,11523,105.492,105.992,0.5
1021,576956,103.703,106.011,2.30782
1038,47147,105.772,106.272,0.5
1040,6626,105.92,106.42,0.5
1039,166547,105.81,106.476,0.666188
1041,116847,105.999,106.499,0.5
1043,10207,106.17,106.67,0.5
1044,36747,106.227,106.727,0.5
1045,99274,106.284,106.784,0.5
1042,180242,106.068,106.789,0.720968
1046,31776,106.377,106.877,0.5
1047,56507,106.536,107.036,0.5
1012,1125568,102.806,107.308,4.50227
1049,20617,106.9,107.4,0.5
1050,35357,106.983,107.483,0.5
1048,190509,106.84,107.602,0.762036
1051,15915,107.155,107.655,0.5
1052,49212,107.777,108.277,0.5
1053,18404,107.826,108.326,0.5
1054,107331,107.855,108.355,0.5
1055,59372,107.87,108.37,0.5
1056,21818,108.143,108.643,0.5
1057,25612,108.174,108.674,0.5
1058,68595,108.236,108.736,0.5
1059,16950,108.279,108.779,0.5
1060,43836,108.472,108.972,0.5
1061,22737,108.559,109.059,0.5
1062,47913,108.734,109.234,0.5
1065,64150,109.257,109.757,0.5
1063,201012,109.054,109.858,0.804048
1064,211394,109.08,109.926,0.845576
1066,109079,109.786,110.286,0.5
1067,29039,109.885,110.385,0.5
1068,58572,109.991,110.491,0.5
1070,33314,110.427,110.927,0.5
1071,123504,110.472,110.972,0.5
1072,83320,110.512,111.012,0.5
1074,23882,110.597,111.097,0.5
1075,81169,110.624,111.124,0.5
1073,142806,110.567,111.139,0.571224
1077,34758,110.808,111.308,0.5
1078,35932,110.886,111.386,0.5
1076,264658,110.77,111.829,1.05863
1069,388229,110.287,111.84,1.55292
1079,69699,111.362,111.862,0.5
1080,10785,111.373,111.873,0.5
1081,8502,111.542,112.042,0.5
1082,93713,111.89,112.39,0.5
1083,79406,111.943,112.443,0.5
1084,33749,111.973,112.473,0.5
1086,56539,112.067,112.567,0.5
1085,172861,111.978,112.669,0.691444
1088,12315,112.222,112.722,0.5
1087,161515,112.099,112.745,0.64606
1090,9733,112.376,112.876,0.5
1091,37615,112.379,112.879,0.5
1092,77176,112.384,112.884,0.5
1093,2707,112.56,113.06,0.5
1094,7883,112.565,113.065,0.5
1095,15937,112.577,113.077,0.5
1089,196662,112.322,113.109,0.786648
1096,109632,112.793,113.293,0.5
1097,70009,112.822,113.322,0.5
1098,100929,112.837,113.337,0.5
1100,14222,112.946,113.446,0.5
1099,154303,112.853,113.47,0.617212
1102,25680,113.001,113.501,0.5
1103,11221,113.122,113.622,0.5
1104,33806,113.134,113.634,0.5
1106,11384,113.17,113.67,0.5
1107,77645,113.371,113.871,0.5
1108,31644,113.417,113.917,0.5
1109,26663,113.608,114.108,0.5
1105,259445,113.159,114.197,1.03778
1110,20578,113.811,114.311,0.5
1112,82543,113.881,114.381,0.5
1113,106575,113.896,114.396,0.5
1114,36181,114.161,114.661,0.5
1115,81319,114.171,114.671,0.5
1116,30181,114.384,114.884,0.5
1111,266320,113.836,114.901,1.06528
1101,490668,112.979,114.941,1.96267
1117,24761,114.491,114.991,0.5
1118,94881,114.676,115.176,0.5
1119,43589,114.739,115.239,0.5
1120,29277,115.077,115.577,0.5
1122,41685,115.372,115.872,0.5
1123,116498,115.495,115.995,0.5
1121,187651,115.274,116.025,0.750604
1124,28415,115.636,116.136,0.5
1125,112751,115.637,116.137,0.5
1126,17757,115.692,116.192,0.5
1127,13208,115.698,116.198,0.5
1129,98201,115.962,116.462,0.5
1130,28104,116.087,116.587,0.5
1128,215306,115.77,116.631,0.861224
1131,44385,116.136,116.636,0.5
1132,131164,116.3,116.824,0.524656
1133,71978,116.418,116.918,0.5
1134,20235,116.554,117.054,0.5
1135,38748,116.678,117.178,0.5
1136,59518,116.697,117.197,0.5
1137,15570,116.915,117.415,0.5
1138,57148,116.926,117.426,0.5
1139,66219,117.047,117.547,0.5
1140,36136,117.119,117.619,0.5
1141,47467,117.125,117.625,0.5
1142,24569,117.162,117.662,0.5
1143,16151,117.309,117.809,0.5
1144,16770,117.455,117.955,0.5
1145,62434,117.54,118.04,0.5
1146,70849,117.577,118.077,0.5
1147,37441,117.615,118.115,0.5
1148,19539,117.787,118.287,0.5
1149,10050,117.8,118.3,0.5
1150,29162,117.97,118.47,0.5
1151,14591,118.228,118.728,0.5
1152,25909,118.229,118.729,0.5
1153,40429,118.296,118.796,0.5
1154,83418,118.424,118.924,0.5
1155,15010,118.51,119.01,0.5
1156,42588,118.529,119.029,0.5
1157,85402,118.595,119.095,0.5
1158,16959,118.675,119.175,0.5
1159,137713,118.951,119.502,0.550852
1161,34594,119.189,119.689,0.5
1162,33985,119.241,119.741,0.5
1160,169409,119.176,119.854,0.677636
1163,32063,119.519,120.019,0.5
1164,20657,119.524,120.024,0.5
1165,41868,119.591,120.091,0.5
1166,2540,119.598,120.098,0.5
1167,62037,119.651,120.151,0.5
1169,46993,119.87,120.37,0.5
1170,22483,119.926,120.426,0.5
1171,38437,119.939,120.439,0.5
1172,79192,119.976,120.476,0.5
1173,34755,119.991,120.491,0.5
1174,53033,120.038,120.538,0.5
1175,20235,120.124,120.624,0.5
1168,211303,119.821,120.666,0.845212
1176,64659,120.179,120.679,0.5
1177,95049,120.364,120.864,0.5
1178,89314,120.531,121.031,0.5
1179,39538,120.538,121.038,0.5
1180,33307,120.584,121.084,0.5
1181,17957,120.755,121.255,0.5
1182,13154,120.845,121.345,0.5
1183,21539,120.916,121.416,0.5
1184,88529,120.921,121.421,0.5
1185,65186,120.996,121.496,0.5
1186,26748,121.028,121.528,0.5
1187,57921,121.067,121.567,0.5
1188,60822,121.067,121.567,0.5
1191,134410,121.217,121.755,0.53764
1192,60885,121.278,121.778,0.5
1190,166706,121.194,121.861,0.666824
1193,137346,121.327,121.876,0.549384
1189,197543,121.109,121.899,0.790172
1194,40863,121.852,122.352,0.5
1195,108897,122.031,122.531,0.5
1196,87555,122.05,122.55,0.5
1197,82727,122.758,123.258,0.5
1198,102090,122.814,123.314,0.5
1199,34302,122.867,123.367,0.5
1200,9083,123.125,123.625,0.5
1201,40802,123.336,123.836,0.5
1202,74431,123.448,123.948,0.5
1203,22571,123.46,123.96,0.5
1204,45229,123.502,124.002,0.5
1205,46582,123.68,124.18,0.5
1206,6608,123.862,124.362,0.5
1207,71746,123.869,124.369,0.5
1209,134740,123.987,124.526,0.53896
1210,14048,124.076,124.576,0.5
1211,38930,124.173,124.673,0.5
1208,203123,123.896,124.708,0.812492
1212,91803,124.219,124.719,0.5
1213,59571,124.259,124.759,0.5
1215,36521,124.681,125.181,0.5
1217,45921,125.05,125.55,0.5
1218,63321,125.101,125.601,0.5
1220,80348,125.17,125.67,0.5
1216,178554,124.963,125.677,0.714216
1221,29022,125.317,125.817,0.5
1219,193800,125.104,125.879,0.7752
1214,353435,124.485,125.899,1.41374
1223,92431,125.468,125.968,0.5
1224,31972,125.653,126.153,0.5
1225,125491,125.746,126.248,0.501964
1226,23488,125.77,126.27,0.5
1227,87098,125.774,126.274,0.5
1228,105844,125.918,126.418,0.5
1230,49050,126.182,126.682,0.5
1231,19840,126.556,127.056,0.5
1232,61053,126.568,127.068,0.5
1234,47499,126.699,127.199,0.5
1235,22368,126.825,127.325,0.5
1236,22762,126.865,127.365,0.5
1233,185550,126.675,127.417,0.7422
1237,23761,126.941,127.441,0.5
1238,27084,126.958,127.458,0.5
1239,34947,126.986,127.486,0.5
1229,376697,125.995,127.502,1.50679
1222,525460,125.417,127.519,2.10184
1241,23301,127.058,127.558,0.5
1242,18770,127.068,127.568,0.5
1244,11626,127.125,127.625,0.5
1240,165054,127.04,127.7,0.660216
1245,35252,127.249,127.749,0.5
1243,176074,127.07,127.774,0.704296
1246,52825,127.433,127.933,0.5
1248,100532,127.692,128.192,0.5
1249,7303,127.738,128.238,0.5
1250,130611,127.754,128.277,0.522444
1251,20224,127.878,128.378,0.5
1252,45774,127.9,128.4,0.5
1247,214250,127.578,128.435,0.857
1253,16939,127.953,128.453,0.5
1254,91271,127.994,128.494,0.5
1255,108419,128.136,128.636,0.5
1256,103878,128.191,128.691,0.5
1257,33192,128.245,128.745,0.5
1258,29234,128.253,128.753,0.5
1259,62092,128.298,128.798,0.5
1260,47946,128.304,128.804,0.5
1262,69374,128.351,128.851,0.5
1263,106507,128.455,128.955,0.5
1264,40376,128.505,129.005,0.5
1265,80308,128.559,129.059,0.5
1266,14906,128.749,129.249,0.5
1267,33699,128.825,129.325,0.5
1268,5742,128.898,129.398,0.5
1261,310832,128.335,129.579,1.24333
1269,56000,129.092,129.592,0.5
1270,23622,129.099,129.599,0.5
1271,15221,129.128,129.628,0.5
1272,56148,129.203,129.703,0.5
1273,18280,129.262,129.762,0.5
1274,87243,129.277,129.777,0.5
1275,10814,129.281,129.781,0.5
1276,66285,129.284,129.784,0.5
1277,22471,129.354,129.854,0.5
1278,86462,129.552,130.052,0.5
1279,57287,129.614,130.114,0.5
1280,36616,129.771,130.271,0.5
1281,40680,129.788,130.288,0.5
1282,33871,129.825,130.325,0.5
1284,30289,129.933,130.433,0.5
1285,18915,129.957,130.457,0.5
1286,32538,129.987,130.487,0.5
1287,40309,129.992,130.492,0.5
1283,183352,129.835,130.568,0.733408
1288,9986,130.432,130.932,0.5
1289,8290,130.492,130.992,0.5
1290,17920,130.543,131.043,0.5
1291,77143,130.551,131.051,0.5
1292,28641,130.62,131.12,0.5
1293,46059,130.688,131.188,0.5
1294,18373,130.899,131.399,0.5
1295,26791,130.905,131.405,0.5
1296,13573,130.937,131.437,0.5
1297,7193,131.09,131.59,0.5
1298,46918,131.117,131.617,0.5
1299,45055,131.208,131.708,0.5
1300,96371,131.678,132.178,0.5
1301,16508,131.69,132.19,0.5
1302,36478,132.027,132.527,0.5
1303,11276,132.037,132.537,0.5
1304,66175,132.049,132.549,0.5
1305,28118,132.496,132.996,0.5
1307,84340,132.53,133.03,0.5
1308,19118,132.581,133.081,0.5
1309,66429,132.604,133.104,0.5
1310,55317,132.699,133.199,0.5
1312,116070,132.751,133.251,0.5
1313,14877,132.814,133.314,0.5
1314,28575,132.819,133.319,0.5
1315,101619,132.85,133.35,0.5
1311,181177,132.709,133.434,0.724708
1316,25105,132.948,133.448,0.5
1317,15798,133.015,133.515,0.5
1318,24893,133.084,133.584,0.5
1319,35231,133.279,133.779,0.5
1320,22028,133.303,133.803,0.5
1306,387889,132.507,134.058,1.55156
1321,53202,133.717,134.217,0.5
1322,17187,133.746,134.246,0.5
1323,28897,133.768,134.268,0.5
1324,58277,133.83,134.33,0.5
1325,71250,134.135,134.635,0.5
1327,54827,134.394,134.894,0.5
1328,119569,134.617,135.117,0.5
1326,236995,134.218,135.166,0.94798
1329,25772,134.687,135.187,0.5
1330,54834,134.692,135.192,0.5
1331,32591,134.78,135.28,0.5
1332,5555,134.81,135.31,0.5
1334,31017,135.168,135.668,0.5
1333,177272,135.069,135.779,0.709088
1335,81876,135.348,135.848,0.5
1336,6770,135.489,135.989,0.5
1337,54959,135.493,135.993,0.5
1338,35337,135.629,136.129,0.5
1339,7201,135.758,136.258,0.5
1340,109298,135.8,136.3,0.5
1341,24180,135.834,136.334,0.5
1342,43104,135.891,136.391,0.5
1343,46905,136.076,136.576,0.5
1344,110610,136.239,136.739,0.5
1345,113929,136.277,136.777,0.5
1346,15660,136.279,136.779,0.5
1347,124404,136.426,136.926,0.5
1348,17797,136.444,136.944,0.5
1349,97856,136.473,136.973,0.5
1350,61331,136.628,137.128,0.5
1351,142688,137.06,137.63,0.570752
1352,37164,137.149,137.649,0.5
1354,19672,137.208,137.708,0.5
1355,4603,137.223,137.723,0.5
1356,64890,137.304,137.804,0.5
1357,48308,137.322,137.822,0.5
1358,31786,137.467,137.967,0.5
1353,246189,137.179,138.163,0.984756
1359,91717,137.858,138.358,0.5
1360,30690,137.93,138.43,0.5
1362,38119,137.976,138.476,0.5
1363,54530,137.989,138.489,0.5
1364,105058,137.998,138.498,0.5
1365,13788,138.065,138.565,0.5
1366,56087,138.094,138.594,0.5
1368,91310,138.262,138.762,0.5
1370,94724,138.363,138.863,0.5
1361,224400,137.974,138.872,0.8976
1367,184997,138.155,138.895,0.739988
1372,21386,138.474,138.974,0.5
1371,141210,138.453,139.018,0.56484
1373,14526,138.56,139.06,0.5
1369,259571,138.333,139.371,1.03828
1374,50376,138.896,139.396,0.5
1376,123966,139.098,139.598,0.5
1377,42663,139.111,139.611,0.5
1378,17677,139.116,139.616,0.5
1379,29598,139.122,139.622,0.5
1380,74057,139.131,139.631,0.5
1381,70084,139.219,139.719,0.5
1382,24610,139.238,139.738,0.5
1384,13948,139.378,139.878,0.5
1385,16826,139.476,139.976,0.5
1386,96237,139.489,139.989,0.5
1375,274753,138.924,140.023,1.09901
1387,35939,139.546,140.046,0.5
1388,14087,139.594,140.094,0.5
1389,19213,139.627,140.127,0.5
1390,12016,139.644,140.144,0.5
1391,15281,139.741,140.241,0.5
1392,30930,139.742,140.242,0.5
1393,146106,139.792,140.376,0.584424
1395,48032,139.899,140.399,0.5
1396,9909,139.987,140.487,0.5
1397,64739,139.99,140.49,0.5
1398,113850,140.112,140.612,0.5
1399,122731,140.15,140.65,0.5
1400,48282,140.335,140.835,0.5
1401,77632,140.351,140.851,0.5
1402,111335,140.417,140.917,0.5
1394,274848,139.87,140.969,1.09939
1403,129284,140.487,141.004,0.517136
1404,124884,141.168,141.668,0.5
1405,14347,141.176,141.676,0.5
1407,107888,141.612,142.112,0.5
1406,164973,141.586,142.246,0.659892
1409,42444,141.868,142.368,0.5
1410,71939,141.916,142.416,0.5
1411,8680,141.959,142.459,0.5
1412,106313,141.977,142.477,0.5
1414,98713,141.996,142.496,0.5
1415,109204,142.196,142.696,0.5
1383,860820,139.253,142.696,3.44328
1408,246175,141.744,142.729,0.9847
1416,90740,142.242,142.742,0.5
1413,190929,141.98,142.744,0.763716
1417,22277,142.424,142.924,0.5
1418,129517,142.481,142.999,0.518068
1419,12961,142.569,143.069,0.5
1420,97257,142.744,143.244,0.5
1421,81196,142.762,143.262,0.5
1422,61730,142.849,143.349,0.5
1423,45858,142.882,143.382,0.5
1424,47043,142.942,143.442,0.5
1425,32788,142.943,143.443,0.5
1426,65071,143.11,143.61,0.5
1427,128063,143.117,143.63,0.512252
1428,94018,143.25,143.75,0.5
1429,64904,143.542,144.042,0.5
1430,64580,143.554,144.054,0.5
1431,46481,143.726,144.226,0.5
1432,24204,143.768,144.268,0.5
1433,11264,143.781,144.281,0.5
1434,23091,143.889,144.389,0.5
1435,45818,144.111,144.611,0.5
1436,20919,144.228,144.728,0.5
1437,52131,144.289,144.789,0.5
1438,13732,144.32,144.82,0.5
1439,84528,144.363,144.863,0.5
1440,7272,144.437,144.937,0.5
1441,80920,144.456,144.956,0.5
1442,24467,144.485,144.985,0.5
1444,16477,144.671,145.171,0.5
1443,170103,144.591,145.272,0.680412
1445,42311,144.823,145.323,0.5
1446,49325,145.26,145.76,0.5
1447,8299,145.293,145.793,0.5
1448,46762,145.314,145.814,0.5
1449,48829,145.373,145.873,0.5
1450,16469,145.379,145.879,0.5
1451,43916,145.416,145.916,0.5
1452,2463,145.613,146.113,0.5
1453,116871,145.687,146.187,0.5
1454,80450,145.752,146.252,0.5
1455,18456,146.154,146.654,0.5
1456,6148,146.161,146.661,0.5
1457,66684,146.191,146.691,0.5
1458,118203,146.197,146.697,0.5
1459,73844,146.214,146.714,0.5
1460,85058,146.224,146.724,0.5
1461,78548,146.256,146.756,0.5
1462,36091,146.266,146.766,0.5
1467,30685,146.703,147.203,0.5
1468,8949,146.712,147.212,0.5
1466,138013,146.699,147.251,0.552052
1464,189831,146.604,147.363,0.759324
1469,59954,146.881,147.381,0.5
1470,36117,146.925,147.425,0.5
1471,53416,146.94,147.44,0.5
1465,206647,146.672,147.499,0.826588
1472,89036,147.002,147.502,0.5
1473,109111,147.011,147.511,0.5
1474,17318,147.064,147.564,0.5
1475,87717,147.184,147.684,0.5
1476,74484,147.201,147.701,0.5
1477,41366,147.234,147.734,0.5
1478,113768,147.282,147.782,0.5
1479,20026,147.335,147.835,0.5
1463,408461,146.274,147.908,1.63384
1480,35193,147.456,147.956,0.5
1481,75028,147.532,148.032,0.5
1482,88584,147.821,148.321,0.5
1483,125904,147.92,148.424,0.503616
1484,94169,148.048,148.548,0.5
1485,25694,148.066,148.566,0.5
1486,74926,148.197,148.697,0.5
1487,7533,148.292,148.792,0.5
1489,52326,148.486,148.986,0.5
1488,181330,148.33,149.055,0.72532
1490,19578,148.568,149.068,0.5
1491,40735,148.645,149.145,0.5
1492,41426,148.652,149.152,0.5
1493,93537,148.684,149.184,0.5
1495,27278,148.941,149.441,0.5
1496,24013,149.018,149.518,0.5
1497,33707,149.089,149.589,0.5
1498,66213,149.096,149.596,0.5
1494,233623,148.697,149.632,0.934492
1499,26231,149.21,149.71,0.5
1500,34857,149.538,150.038,0.5
1501,22549,149.614,150.114,0.5
1502,103626,149.798,150.298,0.5
1503,15258,149.842,150.342,0.5
1504,66638,150.031,150.531,0.5
1505,88317,150.034,150.534,0.5
1506,56507,150.214,150.714,0.5
1507,81949,150.308,150.808,0.5
1508,17314,150.346,150.846,0.5
1510,10725,150.566,151.066,0.5
1509,152569,150.547,151.158,0.610276
1511,28984,150.738,151.238,0.5
1512,171668,150.762,151.448,0.686672
1513,28795,151.181,151.681,0.5
1514,142173,151.205,151.773,0.568692
1515,64954,151.724,152.224,0.5
1516,11034,151.82,152.32,0.5
1517,23634,151.863,152.363,0.5
1518,52651,152.025,152.525,0.5
1519,52300,152.227,152.727,0.5
1520,35134,152.236,152.736,0.5
1521,32750,152.346,152.846,0.5
1522,10151,152.388,152.888,0.5
1523,47957,152.544,153.044,0.5
1524,49821,152.666,153.166,0.5
1525,10794,152.731,153.231,0.5
1527,23840,152.812,153.312,0.5
1528,17083,152.885,153.385,0.5
1529,6951,152.905,153.405,0.5
1530,132978,153.03,153.562,0.531912
1526,207628,152.749,153.58,0.830512
1531,52737,153.189,153.689,0.5
1533,18289,153.4,153.9,0.5
1534,124108,153.483,153.983,0.5
1535,27007,153.5,154,0.5
1536,25595,153.554,154.054,0.5
1537,70997,153.829,154.329,0.5
1539,35240,154.088,154.588,0.5
1540,12136,154.169,154.669,0.5
1541,6257,154.181,154.681,0.5
1542,104161,154.657,155.157,0.5
1532,457389,153.346,155.175,1.82956
1543,16376,154.687,155.187,0.5
1544,28426,154.834,155.334,0.5
1538,465727,153.83,155.693,1.86291
1545,58174,155.217,155.717,0.5
1546,25729,155.404,155.904,0.5
1547,85833,155.673,156.173,0.5
1548,102506,155.722,156.222,0.5
1549,45092,155.912,156.412,0.5
1550,59636,155.993,156.493,0.5
1551,20226,156.063,156.563,0.5
1552,32323,156.199,156.699,0.5
1553,33628,156.238,156.738,0.5
1554,177247,156.388,157.097,0.708988
1556,6302,156.623,157.123,0.5
1557,30935,156.681,157.181,0.5
1555,185599,156.444,157.187,0.742396
1558,24742,156.968,157.468,0.5
1559,19206,156.981,157.481,0.5
1560,96483,157.22,157.72,0.5
1561,33718,157.277,157.777,0.5
1562,27702,157.283,157.783,0.5
1563,92595,157.368,157.868,0.5
1564,58575,157.371,157.871,0.5
1566,16847,157.424,157.924,0.5
1567,11397,157.534,158.034,0.5
1569,61886,157.649,158.149,0.5
1570,20504,157.698,158.198,0.5
1571,42457,157.761,158.261,0.5
1573,25322,157.938,158.438,0.5
1574,25488,158.147,158.647,0.5
1575,156336,158.15,158.775,0.625344
1565,351152,157.389,158.793,1.40461
1576,50928,158.675,159.175,0.5
1577,129848,158.763,159.282,0.519392
1572,347546,157.902,159.292,1.39018
1578,10688,159.056,159.556,0.5
1579,19488,159.248,159.748,0.5
1568,568437,157.587,159.861,2.27375
1580,43734,159.361,159.861,0.5
1581,111801,159.423,159.923,0.5
1582,28270,159.666,160.166,0.5
1583,57963,159.851,160.351,0.5
1584,44293,159.851,160.351,0.5
1585,46420,159.859,160.359,0.5
1586,28004,159.9,160.4,0.5
1587,55925,160.13,160.63,0.5
1588,79443,160.203,160.703,0.5
1589,112704,160.232,160.732,0.5
1590,90643,160.247,160.747,0.5
1591,15073,160.279,160.779,0.5
1593,40527,160.344,160.844,0.5
1594,59910,160.486,160.986,0.5
1595,78152,160.555,161.055,0.5
1596,46869,160.647,161.147,0.5
1597,37766,160.751,161.251,0.5
1592,241664,160.321,161.287,0.966656
1599,49363,160.919,161.419,0.5
1598,141017,160.882,161.446,0.564068
1600,38758,160.987,161.487,0.5
1602,112892,161.379,161.879,0.5
1603,3946,161.478,161.978,0.5
1604,66731,161.591,162.091,0.5
1605,53842,161.667,162.167,0.5
1606,98517,161.675,162.175,0.5
1607,11133,161.723,162.223,0.5
1608,54101,161.731,162.231,0.5
1609,114674,161.763,162.263,0.5
1610,6418,161.798,162.298,0.5
1601,288237,161.145,162.298,1.15295
1611,56260,161.893,162.393,0.5
1612,68507,161.966,162.466,0.5
1613,6863,162.157,162.657,0.5
1614,24000,162.211,162.711,0.5
1616,19714,162.339,162.839,0.5
1615,154270,162.31,162.927,0.61708
1617,20089,162.462,162.962,0.5
1618,74262,162.504,163.004,0.5
1619,51773,162.506,163.006,0.5
1620,30270,162.586,163.086,0.5
1621,21624,162.594,163.094,0.5
1622,46545,162.671,163.171,0.5
1623,18030,162.896,163.396,0.5
1624,116513,162.917,163.417,0.5
1625,66223,163.048,163.548,0.5
1626,105553,163.176,163.676,0.5
1627,84788,163.227,163.727,0.5
1629,42237,163.552,164.052,0.5
1630,58990,163.556,164.056,0.5
1631,70505,163.562,164.062,0.5
1628,186365,163.319,164.064,0.74546
1632,12427,163.796,164.296,0.5
1633,52858,163.831,164.331,0.5
1635,34065,163.972,164.472,0.5
1636,101727,163.976,164.476,0.5
1637,48246,164.002,164.502,0.5
1634,176219,163.846,164.551,0.704876
1638,36922,164.096,164.596,0.5
1639,66016,164.234,164.734,0.5
1640,35050,164.278,164.778,0.5
1641,14061,164.296,164.796,0.5
1642,5670,164.311,164.811,0.5
1643,24578,164.358,164.858,0.5
1644,34787,164.376,164.876,0.5
1645,55027,164.847,165.347,0.5
1646,22339,164.859,165.359,0.5
1647,140584,164.956,165.518,0.562336
1648,20481,165.099,165.599,0.5
1649,32082,165.148,165.648,0.5
1650,63931,165.282,165.782,0.5
1651,165900,165.598,166.261,0.6636
1652,56805,165.807,166.307,0.5
1653,18674,165.816,166.316,0.5
1654,73695,165.849,166.349,0.5
1655,51104,166.059,166.559,0.5
1656,133604,166.094,166.628,0.534416
1657,57370,166.559,167.059,0.5
1658,115092,166.593,167.093,0.5
1659,61273,166.747,167.247,0.5
1660,5920,166.795,167.295,0.5
1661,10792,166.91,167.41,0.5
1662,128751,166.994,167.509,0.515004
1663,57001,167.542,168.042,0.5
1664,17962,167.61,168.11,0.5
1665,101859,167.736,168.236,0.5
1666,63940,167.858,168.358,0.5
1667,9376,167.87,168.37,0.5
1668,39466,167.977,168.477,0.5
1671,25927,168.202,168.702,0.5
1672,94596,168.374,168.874,0.5
1673,36152,168.414,168.914,0.5
1674,39025,168.432,168.932,0.5
1675,25806,168.445,168.945,0.5
1676,80924,168.484,168.984,0.5
1670,222786,168.15,169.041,0.891144
1677,26543,168.713,169.213,0.5
1678,46544,168.792,169.292,0.5
1679,30065,168.835,169.335,0.5
1680,18095,168.838,169.338,0.5
1669,343310,168.072,169.445,1.37324
1681,57278,169.028,169.528,0.5
1682,26014,169.052,169.552,0.5
1683,111331,169.079,169.579,0.5
1684,61250,169.118,169.618,0.5
1685,5356,169.186,169.686,0.5
1687,81818,169.259,169.759,0.5
1688,9793,169.297,169.797,0.5
1689,82906,169.315,169.815,0.5
1690,7151,169.686,170.186,0.5
1691,41300,169.877,170.377,0.5
1692,55132,170.015,170.515,0.5
1694,86938,170.34,170.84,0.5
1693,161589,170.214,170.86,0.646356
1695,23061,170.808,171.308,0.5
1696,33873,171.067,171.567,0.5
1697,30500,171.126,171.626,0.5
1698,89215,171.224,171.724,0.5
1686,685530,169.225,171.967,2.74212
1699,50229,171.526,172.026,0.5
1700,17737,171.584,172.084,0.5
1701,74544,171.636,172.136,0.5
1703,42486,171.686,172.186,0.5
1705,44746,171.729,172.229,0.5
1704,147671,171.705,172.295,0.590684
1706,15032,171.886,172.386,0.5
1707,20747,171.916,172.416,0.5
1702,215608,171.671,172.533,0.862432
1709,10764,172.236,172.736,0.5
1710,10699,172.269,172.769,0.5
1712,23602,172.286,172.786,0.5
1713,55304,172.375,172.875,0.5
1708,200458,172.233,173.035,0.801832
1711,191777,172.27,173.037,0.767108
1714,33347,172.655,173.155,0.5
1715,52381,172.726,173.226,0.5
1716,37433,172.907,173.407,0.5
1717,103792,172.949,173.449,0.5
1718,44315,172.95,173.45,0.5
1719,21822,173.045,173.545,0.5
1720,70482,173.207,173.707,0.5
1721,23225,173.236,173.736,0.5
1722,82967,173.33,173.83,0.5
1723,121295,173.466,173.966,0.5
1724,15121,173.496,173.996,0.5
1725,74878,173.506,174.006,0.5
1726,123431,173.523,174.023,0.5
1727,30840,173.535,174.035,0.5
1729,34822,173.734,174.234,0.5
1730,51633,173.775,174.275,0.5
1728,176947,173.587,174.295,0.707788
1731,49970,173.982,174.482,0.5
1732,66819,174.051,174.551,0.5
1733,11440,174.53,175.03,0.5
1734,66485,174.676,175.176,0.5
1735,72146,174.749,175.249,0.5
1736,29869,174.771,175.271,0.5
1737,121385,174.819,175.319,0.5
1738,87523,174.9,175.4,0.5
1739,16227,174.926,175.426,0.5
1740,15364,175.027,175.527,0.5
1741,12418,175.175,175.675,0.5
1742,11509,175.228,175.728,0.5
1743,40913,175.272,175.772,0.5
1744,19980,175.343,175.843,0.5
1745,67322,175.465,175.965,0.5
1747,41617,175.544,176.044,0.5
1748,131511,175.574,176.1,0.526044
1749,28885,175.84,176.34,0.5
1750,69596,175.904,176.404,0.5
1751,32981,175.934,176.434,0.5
1752,28057,175.977,176.477,0.5
1753,111262,176.117,176.617,0.5
1755,91973,176.463,176.963,0.5
1754,128703,176.449,176.963,0.514812
1756,36146,176.488,176.988,0.5
1757,12222,176.572,177.072,0.5
1758,15690,176.779,177.279,0.5
1759,75823,176.957,177.457,0.5
1760,17865,176.992,177.492,0.5
1746,522937,175.476,177.567,2.09175
1764,35787,177.264,177.764,0.5
1766,4414,177.329,177.829,0.5
1767,21435,177.451,177.951,0.5
1761,209530,177.161,177.999,0.83812
1768,86120,177.554,178.054,0.5
1769,66268,177.591,178.091,0.5
1763,214883,177.262,178.122,0.859532
1770,122248,177.642,178.142,0.5
1771,35686,177.644,178.144,0.5
1772,37238,177.657,178.157,0.5
1773,29081,177.847,178.347,0.5
1774,29200,178.154,178.654,0.5
1762,396891,177.188,178.775,1.58756
1775,43979,178.34,178.84,0.5
1765,386282,177.329,178.874,1.54513
1776,64334,178.898,179.398,0.5
1777,36702,178.908,179.408,0.5
1778,47273,178.945,179.445,0.5
1779,57157,178.948,179.448,0.5
1780,17747,179.586,180.086,0.5
1781,96066,179.601,180.101,0.5
1782,55979,179.96,180.46,0.5
1783,68669,180.034,180.534,0.5
1784,84796,180.063,180.563,0.5
1785,23851,180.174,180.674,0.5
1786,46644,180.542,181.042,0.5
1787,77561,180.668,181.168,0.5
1788,13300,180.889,181.389,0.5
1789,11308,180.902,181.402,0.5
1790,56424,180.958,181.458,0.5
1791,17594,181.044,181.544,0.5
1792,94411,181.166,181.666,0.5
1794,96661,181.204,181.704,0.5
1795,92017,181.257,181.757,0.5
1793,149502,181.203,181.801,0.598008
1797,26147,181.682,182.182,0.5
1798,29475,181.683,182.183,0.5
1799,35489,181.686,182.186,0.5
1796,135087,181.677,182.217,0.540348
1800,114004,181.909,182.409,0.5
1801,61216,181.958,182.458,0.5
1802,47500,182.008,182.508,0.5
1803,8221,182.023,182.523,0.5
1804,66394,182.072,182.572,0.5
1805,7050,182.13,182.63,0.5
1806,12455,182.235,182.735,0.5
1807,57022,182.356,182.856,0.5
1808,36937,182.365,182.865,0.5
1809,91949,182.408,182.908,0.5
1810,117099,182.417,182.917,0.5
1811,4940,182.447,182.947,0.5
1813,11217,182.547,183.047,0.5
1815,145030,182.802,183.382,0.58012
1816,133528,182.907,183.441,0.534112
1817,120800,182.974,183.474,0.5
1812,269721,182.448,183.527,1.07888
1819,98200,183.223,183.723,0.5
1820,70451,183.268,183.768,0.5
1821,37818,183.272,183.772,0.5
1822,69956,183.277,183.777,0.5
1824,105165,183.353,183.853,0.5
1818,210983,183.068,183.912,0.843932
1823,164106,183.284,183.941,0.656424
1826,11711,184.096,184.596,0.5
1827,35845,184.182,184.682,0.5
1814,488113,182.739,184.691,1.95245
1825,276602,183.696,184.803,1.10641
1829,5391,184.54,185.04,0.5
1830,37606,184.573,185.073,0.5
1831,20103,184.612,185.112,0.5
1832,42283,184.774,185.274,0.5
1833,18799,184.82,185.32,0.5
1834,72192,184.865,185.365,0.5
1828,282545,184.355,185.485,1.13018
1835,91396,185.149,185.649,0.5
1836,20374,185.217,185.717,0.5
1837,14188,185.459,185.959,0.5
1838,30881,185.546,186.046,0.5
1839,37005,185.58,186.08,0.5
1840,80080,185.64,186.14,0.5
1841,19018,185.988,186.488,0.5
1842,30250,186.055,186.555,0.5
1843,172212,186.071,186.76,0.688848
1845,11134,186.32,186.82,0.5
1846,94275,186.533,187.033,0.5
1847,43660,186.535,187.035,0.5
1848,22559,186.687,187.187,0.5
1849,6644,186.715,187.215,0.5
1844,276839,186.207,187.315,1.10736
1850,12125,186.94,187.44,0.5
1852,71606,187.052,187.552,0.5
1853,55541,187.07,187.57,0.5
1851,151597,187.047,187.654,0.606388
1854,71362,187.167,187.667,0.5
1855,21446,187.351,187.851,0.5
1857,78679,187.567,188.067,0.5
1858,60772,187.593,188.093,0.5
1856,194140,187.534,188.311,0.77656
1860,29318,187.944,188.444,0.5
1861,22803,188.108,188.608,0.5
1862,49917,188.305,188.805,0.5
1863,40518,188.486,188.986,0.5
1859,312906,187.766,189.018,1.25162
1864,15812,188.532,189.032,0.5
1865,116441,188.642,189.142,0.5
1867,42786,189.379,189.879,0.5
1866,230170,189.005,189.926,0.92068
1869,65027,189.428,189.928,0.5
1870,16806,189.47,189.97,0.5
1868,190257,189.411,190.172,0.761028
1871,93158,189.704,190.204,0.5
1872,11493,189.881,190.381,0.5
1873,116238,189.956,190.456,0.5
1874,47800,190.136,190.636,0.5
1875,73728,190.353,190.853,0.5
1876,27800,190.419,190.919,0.5
1877,71292,190.441,190.941,0.5
1878,55681,190.693,191.193,0.5
1879,59725,190.746,191.246,0.5
1880,11724,190.762,191.262,0.5
1882,19057,191.081,191.581,0.5
1883,28990,191.103,191.603,0.5
1885,5732,191.318,191.818,0.5
1886,12798,191.355,191.855,0.5
1884,171850,191.225,191.913,0.6874
1887,41693,191.429,191.929,0.5
1888,35564,191.664,192.164,0.5
1890,50132,191.691,192.191,0.5
1891,62811,191.797,192.297,0.5
1881,357336,190.944,192.373,1.42934
1892,117025,191.878,192.378,0.5
1893,7683,191.919,192.419,0.5
1894,116494,192.015,192.515,0.5
1895,39545,192.036,192.536,0.5
1896,63513,192.298,192.798,0.5
1897,52981,192.327,192.827,0.5
1898,32592,192.343,192.843,0.5
1899,69616,192.494,192.994,0.5
1900,28528,192.675,193.175,0.5
1902,76604,192.937,193.437,0.5
1903,40713,192.956,193.456,0.5
1904,93586,192.966,193.466,0.5
1889,448129,191.681,193.473,1.79252
1901,174934,192.847,193.546,0.699736
1905,100606,193.059,193.559,0.5
1906,52549,193.288,193.788,0.5
1907,109414,193.428,193.928,0.5
1908,79448,193.497,193.997,0.5
1909,95857,193.652,194.152,0.5
1910,123777,193.672,194.172,0.5
1911,58811,193.78,194.28,0.5
1912,37847,193.942,194.442,0.5
1913,74220,193.993,194.493,0.5
1914,33968,193.999,194.499,0.5
1917,51446,194.397,194.897,0.5
1918,35293,194.409,194.909,0.5
1919,24407,194.556,195.056,0.5
1915,258249,194.129,195.162,1.033
1920,18752,194.707,195.207,0.5
1922,19857,194.777,195.277,0.5
1923,38315,194.783,195.283,0.5
1921,145283,194.752,195.333,0.581132
1924,16117,195.164,195.664,0.5
1925,34932,195.226,195.726,0.5
1926,8852,195.314,195.814,0.5
1927,68757,195.517,196.017,0.5
1929,7506,195.598,196.098,0.5
1930,85652,195.725,196.225,0.5
1931,59039,195.743,196.243,0.5
1916,580522,194.153,196.475,2.32209
1932,29693,196.066,196.566,0.5
1933,27943,196.148,196.648,0.5
1934,62734,196.184,196.684,0.5
1935,24871,196.219,196.719,0.5
1936,34419,196.371,196.871,0.5
1937,40041,196.423,196.923,0.5
1938,14359,196.544,197.044,0.5
1939,10110,196.625,197.125,0.5
1941,130192,196.72,197.241,0.520768
1942,28315,196.781,197.281,0.5
1928,455314,195.536,197.357,1.82126
1943,113160,196.876,197.376,0.5
1944,53396,196.897,197.397,0.5
1945,75259,196.907,197.407,0.5
1947,12169,196.986,197.486,0.5
1946,138963,196.942,197.498,0.555852
1948,20308,197.079,197.579,0.5
1949,14687,197.135,197.635,0.5
1950,112094,197.141,197.641,0.5
1951,13847,197.199,197.699,0.5
1952,56156,197.242,197.742,0.5
1953,31961,197.298,197.798,0.5
1954,46105,197.468,197.968,0.5
1955,25333,197.663,198.163,0.5
1956,9013,197.777,198.277,0.5
1940,427148,196.662,198.37,1.70859
1957,27497,197.893,198.393,0.5
